itemID,category,definition,gloss,uni_lemma,item,choices,type
item_1,sounds,ai-ai,oh,oh,ai-ai,understands; produces,word
item_2,sounds,bää-ä bää-ä,baa baa,baa baa,bää-ä bää-ä,understands; produces,word
item_3,sounds,hau hau,woof woof,woof woof,hau hau,understands; produces,word
item_4,sounds,kvaak kvaak,quack quack,quack quack,kvaak kvaak,understands; produces,word
item_5,sounds,murrr,grrr,grrr,murrr,understands; produces,word
item_6,sounds,ohhoh,oh,oh,ohhoh,understands; produces,word
item_7,sounds,tsuk tsuk,choo choo,choo choo,tsuk tsuk,understands; produces,word
item_8,sounds,ammuu,moo,moo,ammuu,understands; produces,word
item_9,sounds,drnn drnn,vroom,vroom,drnn drnn,understands; produces,word
item_10,sounds,kukkokiekuu,cockadoodledoo,cockadoodledoo,kukkokiekuu,understands; produces,word
item_11,sounds,miauu,meow,meow,miauu,understands; produces,word
item_12,sounds,nam nam,yum yum,yum yum,nam nam,understands; produces,word
item_13,sounds,shh,shh,shh,shh,understands; produces,word
item_14,animals,ampiainen,bee,bee,ampiainen,understands; produces,word
item_15,animals,apina,ape,monkey,apina,understands; produces,word
item_16,animals,hevonen,horse,horse,hevonen,understands; produces,word
item_17,animals,hirvi,moose,moose,hirvi,understands; produces,word
item_18,animals,hämähäkki,spider,spider,hämähäkki,understands; produces,word
,animals,kana,chicken (animal),chicken (animal),kana,understands; produces,word
item_37,animals,kettu,fox,fox,kettu,understands; produces,word
item_38,animals,kissa,cat,cat,kissa,understands; produces,word
,animals,kukko,cock,rooster,kukko,understands; produces,word
item_22,animals,käärme,snake,snake,käärme,understands; produces,word
item_23,animals,lehmä,cow,cow,lehmä,understands; produces,word
item_24,animals,leppäkerttu,ladybird,ladybug,leppäkerttu,understands; produces,word
item_25,animals,mato,worm,worm,mato,understands; produces,word
item_26,animals,norsu,elephant,elephant,norsu,understands; produces,word
item_27,animals,perhonen,butterfly,butterfly,perhonen,understands; produces,word
item_28,animals,possu,pig,pig,possu,understands; produces,word
item_29,animals,pöllö,owl,owl,pöllö,understands; produces,word
item_30,animals,siili,hedgehog,hedgehog,siili,understands; produces,word
item_31,animals,tiikeri,tiger,tiger,tiikeri,understands; produces,word
item_32,animals,ankka,duck,duck,ankka,understands; produces,word
item_33,animals,eläin,animal,animal,eläin,understands; produces,word
item_34,animals,hiiri,mouse,mouse,hiiri,understands; produces,word
item_35,animals,hyttynen,mosquito,mosquito,hyttynen,understands; produces,word
item_36,animals,kala,fish,fish (animal),kala,understands; produces,word
item_19,animals,karhu,bear,bear,karhu,understands; produces,word
item_20,animals,kirahvi,giraffe,giraffe,kirahvi,understands; produces,word
item_21,animals,koira,dog,dog,koira,understands; produces,word
item_39,animals,kärpänen,fly,fly (animal),kärpänen,understands; produces,word
item_40,animals,lammas,sheep,sheep,lammas,understands; produces,word
item_41,animals,leijona,lion,lion,leijona,understands; produces,word
item_42,animals,lintu,bird,bird,lintu,understands; produces,word
item_43,animals,muurahainen,ant,ant,muurahainen,understands; produces,word
item_44,animals,orava,squirrel,squirrel,orava,understands; produces,word
item_45,animals,pingviini,penguin,penguin,pingviini,understands; produces,word
item_46,animals,pupu,bunny,bunny,pupu,understands; produces,word
item_47,animals,sammakko,frog,frog,sammakko,understands; produces,word
item_48,animals,susi,wolf,wolf,susi,understands; produces,word
item_49,animals,tipu,chick,chick,tipu,understands; produces,word
item_50,vehicles,auto,car,car,auto,understands; produces,word
item_51,vehicles,juna,train,train,juna,understands; produces,word
item_52,vehicles,laiva,ship,boat,laiva,understands; produces,word
item_53,vehicles,mopo,moped,motorcycle,mopo,understands; produces,word
item_58,vehicles,polkupyörä,bicycle,bicycle,polkupyörä,understands; produces,word
item_54,vehicles,rattaat,pushchair,stroller,rattaat,understands; produces,word
item_55,vehicles,bussi/linja-auto,bus,bus,bussi/linja-auto,understands; produces,word
item_56,vehicles,kuorma-auto,truck,truck,kuorma-auto,understands; produces,word
item_57,vehicles,lentokone,aeroplane,airplane,lentokone,understands; produces,word
,vehicles,paloauto,fire truck,firetruck,paloauto,understands; produces,word
,vehicles,pulkka,sled,sled,pulkka,understands; produces,word
item_59,vehicles,traktori,tractor,tractor,traktori,understands; produces,word
,toys,ilmapallo,balloon,balloon,ilmapallo,understands; produces,word
item_64,toys,kynä,pencil,pen/pencil,kynä,understands; produces,word
item_61,toys,lapio,spade,spade,lapio,understands; produces,word
,toys,muovailuvaha,modelling clay,clay,muovailuvaha,understands; produces,word
item_62,toys,nukke,doll,doll,nukke,understands; produces,word
item_66,toys,palikka,brick,blocks,palikka,understands; produces,word
,toys,peli,game,game,peli,understands; produces,word
item_67,toys,ämpäri/sanko,bucket,bucket,ämpäri/sanko,understands; produces,word
item_60,toys,kirja,book,book,kirja,understands; produces,word
,toys,lahja,gift,present,lahja,understands; produces,word
,toys,maila,bat,bat (object),maila,understands; produces,word
item_65,toys,nalle,teddy bear,teddybear,nalle,understands; produces,word
,toys,palapeli,puzzle,puzzle,palapeli,understands; produces,word
item_63,toys,pallo,ball,ball,pallo,understands; produces,word
,toys,värikynä,pencil crayon,pen/pencil,värikynä,understands; produces,word
item_68,food_drink,appelsiini,orange,orange (food),appelsiini,understands; produces,word
item_69,food_drink,herne,pea,peas,herne,understands; produces,word
item_85,food_drink,jugurtti,yoghurt,yogurt,jugurtti,understands; produces,word
item_86,food_drink,jäätelö,icecream,ice cream,jäätelö,understands; produces,word
,food_drink,kaali,cabbage,cabbage,kaali,understands; produces,word
item_87,food_drink,kakku,cake,cake,kakku,understands; produces,word
item_89,food_drink,karkki,candy,candy,karkki,understands; produces,word
,food_drink,keitto,soup,soup,keitto,understands; produces,word
,food_drink,kiisseli,custard,pudding,kiisseli,understands; produces,word
,food_drink,lakritsa,liquorice,licorice,lakritsa,understands; produces,word
item_91,food_drink,liha,meat,meat,liha,understands; produces,word
item_76,food_drink,maito,milk,milk,maito,understands; produces,word
item_77,food_drink,makkara,sausage,sausage,makkara,understands; produces,word
,food_drink,margariini,margarine,butter,margariini,understands; produces,word
item_78,food_drink,mehu,juice,juice,mehu,understands; produces,word
item_94,food_drink,omena,apple,apple,omena,understands; produces,word
,food_drink,pannukakku,pancake,pancake,pannukakku,understands; produces,word
,food_drink,perunalastu,potato chip,chips,perunalastu,understands; produces,word
,food_drink,pizza,pizza,pizza,pizza,understands; produces,word
,food_drink,pulla,bun,bun,pulla,understands; produces,word
item_80,food_drink,puuro,porridge,porridge,puuro,understands; produces,word
item_96,food_drink,ruoka,food,food,ruoka,understands; produces,word
,food_drink,salaatti,salad,salad,salaatti,understands; produces,word
,food_drink,suklaa,chocolate,chocolate,suklaa,understands; produces,word
,food_drink,suolakurkku,pickled cucumber,pickle,suolakurkku,understands; produces,word
item_97,food_drink,tomaatti,tomato,tomato,tomaatti,understands; produces,word
item_82,food_drink,velli,gruel,porridge,velli,understands; produces,word
item_83,food_drink,viili,nordic kind of sour milk,NA,viili,understands; produces,word
item_99,food_drink,voi,butter,butter,voi,understands; produces,word
item_84,food_drink,banaani,banana,banana,banaani,understands; produces,word
,food_drink,hillo,jam,jam,hillo,understands; produces,word
item_70,food_drink,juusto,cheese,cheese,juusto,understands; produces,word
,food_drink,kaakao,hot chocolate,hot chocolate,kaakao,understands; produces,word
item_71,food_drink,kahvi,coffee,coffee,kahvi,understands; produces,word
item_73,food_drink,kananmuna,egg,egg,kananmuna,understands; produces,word
,food_drink,kastike,sauce,sauce,kastike,understands; produces,word
item_74,food_drink,keksi,cookie,cookie,keksi,understands; produces,word
item_90,food_drink,kurkku,cucumber,cucumber,kurkku,understands; produces,word
item_75,food_drink,leipä,bread,bread,leipä,understands; produces,word
,food_drink,limonadi,lemonade,lemonade,limonadi,understands; produces,word
item_92,food_drink,makaroni,macaroni,pasta,makaroni,understands; produces,word
item_93,food_drink,mansikka,strawberry,strawberry,mansikka,understands; produces,word
,food_drink,marja,berry,berry,marja,understands; produces,word
,food_drink,muro,cerials,cereal,muro,understands; produces,word
,food_drink,paahtoleipä,toast,toast,paahtoleipä,understands; produces,word
item_79,food_drink,peruna,potato,potato,peruna,understands; produces,word
,food_drink,piimä,sour milk,,piimä,understands; produces,word
item_95,food_drink,porkkana,carrot,carrot,porkkana,understands; produces,word
,food_drink,purukumi,chewing gum,gum,purukumi,understands; produces,word
,food_drink,pähkinä,nut,nut,pähkinä,understands; produces,word
item_81,food_drink,rusina,raisin,raisin,rusina,understands; produces,word
,food_drink,sokeria,sugar,sugar,sokeria,understands; produces,word
,food_drink,suola,salt,salt,suola,understands; produces,word
,food_drink,tee,tea,tea,tee,understands; produces,word
,food_drink,tonnikala,tuna fish,tuna,tonnikala,understands; produces,word
item_98,food_drink,vesi,water,water (beverage),vesi,understands; produces,word
,food_drink,vitamiini,vitamin,vitamin,vitamiini,understands; produces,word
,food_drink,voileipäkeksi,cracker,cracker,voileipäkeksi,understands; produces,word
,clothing,alushousut,under pants,underpants,alushousut,understands; produces,word
,clothing,hattu/myssy,hat,hat,hattu/myssy,understands; produces,word
item_109,clothing,housut,pants,pants,housut,understands; produces,word
item_101,clothing,kaulahuivi,scarf,scarf,kaulahuivi,understands; produces,word
item_102,clothing,lapaset,mittens,mitten,lapaset,understands; produces,word
item_103,clothing,nappi,button,button,nappi,understands; produces,word
item_104,clothing,pusero,blouse,blouse,pusero,understands; produces,word
item_105,clothing,saappaat,rubberboots,boot,saappaat,understands; produces,word
,clothing,sortsit,shorts,shorts,sortsit,understands; produces,word
item_106,clothing,sukkahousut,pantyhose,tights,sukkahousut,understands; produces,word
item_115,clothing,takki,jacket,jacket,takki,understands; produces,word
item_107,clothing,vaippa,nappy,diaper,vaippa,understands; produces,word
item_108,clothing,villapaita,pullover,sweater,villapaita,understands; produces,word
,clothing,vyö,belt,belt,vyö,understands; produces,word
,clothing,haalari,overalls,overalls,haalari,understands; produces,word
,clothing,hiha,sleeve,sleeve,hiha,understands; produces,word
,clothing,huppu,hood,hood,huppu,understands; produces,word
item_110,clothing,kenkä,shoe,shoe,kenkä,understands; produces,word
item_111,clothing,mekko,dress,dress (object),mekko,understands; produces,word
item_112,clothing,paita,shirt,shirt,paita,understands; produces,word
item_113,clothing,ruokalappu,bib,bib,ruokalappu,understands; produces,word
,clothing,sadetakki,raincoat,coat,sadetakki,understands; produces,word
item_114,clothing,sukka,sock,sock,sukka,understands; produces,word
,clothing,suojapuku,smock,smock,suojapuku,understands; produces,word
,clothing,uimapuku,swimmingsuit,swimsuit,uimapuku,understands; produces,word
item_116,clothing,vetoketju,zipper,zipper,vetoketju,understands; produces,word
,clothing,villatakki,cardigan,sweater,villatakki,understands; produces,word
item_117,clothing,yöpuku,pyjamas,pajamas,yöpuku,understands; produces,word
item_118,body_parts,hammas,tooth,tooth,hammas,understands; produces,word
,body_parts,huulet,lips,lips,huulet,understands; produces,word
item_129,body_parts,kasvot,face,face,kasvot,understands; produces,word
item_130,body_parts,korva,ear,ear,korva,understands; produces,word
,body_parts,leuka,chin,chin,leuka,understands; produces,word
item_122,body_parts,nenä,nose,nose,nenä,understands; produces,word
,body_parts,pimppi,wea wea,vagina,pimppi,understands; produces,word
item_132,body_parts,polvi,knee,knee,polvi,understands; produces,word
item_133,body_parts,pylly,bum,butt,pylly,understands; produces,word
item_134,body_parts,silmä,eye,eye,silmä,understands; produces,word
item_135,body_parts,suu,mouth,mouth,suu,understands; produces,word
item_136,body_parts,varvas,toe,toe,varvas,understands; produces,word
,body_parts,hiukset,hair,hair,hiukset,understands; produces,word
item_119,body_parts,jalka,foot,foot,jalka,understands; produces,word
item_120,body_parts,kieli,tongue,tongue,kieli,understands; produces,word
item_121,body_parts,käsi,hand,hand,käsi,understands; produces,word
item_131,body_parts,napa,bellybutton,belly button,napa,understands; produces,word
,body_parts,olkapää,shoulder,shoulder,olkapää,understands; produces,word
,body_parts,pippeli,willy,penis,pippeli,understands; produces,word
item_123,body_parts,poski,cheek,cheek,poski,understands; produces,word
item_124,body_parts,pää,head,head,pää,understands; produces,word
item_125,body_parts,sormi,finger,finger,sormi,understands; produces,word
item_126,body_parts,tissi,boob,breast,tissi,understands; produces,word
item_127,body_parts,vatsa/maha,stomach,tummy,vatsa/maha,understands; produces,word
item_137,furniture_rooms,amme,bathtub,bathtub,amme,understands; produces,word
item_138,furniture_rooms,eteinen,corridor,corridor,eteinen,understands; produces,word
item_139,furniture_rooms,jääkaappi,fridge,refrigerator,jääkaappi,understands; produces,word
item_140,furniture_rooms,katto,ceiling,ceiling,katto,understands; produces,word
item_141,furniture_rooms,keittiö,kitchen,kitchen,keittiö,understands; produces,word
,furniture_rooms,kylpyhuone,bathroom,bathroom,kylpyhuone,understands; produces,word
item_142,furniture_rooms,makuuhuone,bedroom,bedroom,makuuhuone,understands; produces,word
item_150,furniture_rooms,autotalli,garage,garage,autotalli,understands; produces,word
item_151,furniture_rooms,ikkuna,window,window,ikkuna,understands; produces,word
item_152,furniture_rooms,kaappi,closet,closet,kaappi,understands; produces,word
item_153,furniture_rooms,keinutuoli,rocking chair,rocking chair,keinutuoli,understands; produces,word
,furniture_rooms,kuisti,porch,porch,kuisti,understands; produces,word
item_154,furniture_rooms,lattia,floor,floor,lattia,understands; produces,word
,furniture_rooms,nojatuoli,armchair,armchair,nojatuoli,understands; produces,word
item_155,furniture_rooms,olohuone,livingroom,living room,olohuone,understands; produces,word
,furniture_rooms,parveke,balcony,balcony,parveke,understands; produces,word
item_144,furniture_rooms,portaat,stairs,stairs,portaat,understands; produces,word
item_145,furniture_rooms,pöytä,table,table,pöytä,understands; produces,word
item_146,furniture_rooms,sauna,sauna,sauna,sauna,understands; produces,word
item_147,furniture_rooms,suihku,shower,shower,suihku,understands; produces,word
item_160,furniture_rooms,sänky,bed,bed,sänky,understands; produces,word
,furniture_rooms,tiskipöytä,sink,sink,tiskipöytä,understands; produces,word
item_149,furniture_rooms,uuni,oven,oven,uuni,understands; produces,word
item_143,furniture_rooms,ovi,door,door,ovi,understands; produces,word
item_156,furniture_rooms,pesukone,washing machine,washing machine,pesukone,understands; produces,word
item_157,furniture_rooms,pölynimuri,hoover,vacuum,pölynimuri,understands; produces,word
item_158,furniture_rooms,radio,radio,radio,radio,understands; produces,word
item_159,furniture_rooms,sohva,sofa,couch ,sohva,understands; produces,word
,furniture_rooms,syöttötuoli,highchair,high chair,syöttötuoli,understands; produces,word
item_148,furniture_rooms,televisio,tv,TV,televisio,understands; produces,word
item_161,furniture_rooms,tuoli,chair,chair,tuoli,understands; produces,word
item_162,furniture_rooms,vessa,toilet,bathroom,vessa,understands; produces,word
item_163,household,avaimet,keys,key,avaimet,understands; produces,word
item_164,household,hammasharja,toothbrush,toothbrush,hammasharja,understands; produces,word
,household,kamera,camera,camera,kamera,understands; produces,word
,household,kannu,jug,jug,kannu,understands; produces,word
item_166,household,kello,clock,clock,kello,understands; produces,word
,household,kortti,card,card,kortti,understands; produces,word
item_167,household,kuppi,cup,cup,kuppi,understands; produces,word
item_168,household,lamppu,lamp,lamp,lamppu,understands; produces,word
item_179,household,laukku,bag,bag,laukku,understands; produces,word
,household,liima,glue,glue,liima,understands; produces,word
item_180,household,lusikka,spoon,spoon,lusikka,understands; produces,word
,household,maljakko,vase,vase,maljakko,understands; produces,word
,household,naula,nail,nail (object),naula,understands; produces,word
item_182,household,paperi,paper,paper,paperi,understands; produces,word
item_183,household,peitto,blanket,blanket,peitto,understands; produces,word
item_173,household,potta,potty,potty,potta,understands; produces,word
item_185,household,pullo,bottle,bottle,pullo,understands; produces,word
item_186,household,raha,money,money,raha,understands; produces,word
item_187,household,roska,rubbish,trash,roska,understands; produces,word
item_188,household,sakset,scissors,scissors,sakset,understands; produces,word
item_194,household,silmälasit,eyeglasses,glasses,silmälasit,understands; produces,word
item_195,household,tutti,pacifier,pacifier,tutti,understands; produces,word
,household,valokuva,photograph,photo,valokuva,understands; produces,word
item_196,household,veitsi,knife,knife,veitsi,understands; produces,word
item_174,household,haarukka,fork,fork,haarukka,understands; produces,word
item_175,household,harja,brush,brush (object),harja,understands; produces,word
item_165,household,kampa,comb,comb (object),kampa,understands; produces,word
item_176,household,kattila,pot,pot,kattila,understands; produces,word
,household,kori,basket,basket,kori,understands; produces,word
,household,kukkaruukku,flowerpot,flower pot,kukkaruukku,understands; produces,word
item_178,household,laatikko,box,box,laatikko,understands; produces,word
,household,lasi,glass,glass,lasi,understands; produces,word
item_169,household,lautanen,plate,plate,lautanen,understands; produces,word
,household,liina,cloth,cloth,liina,understands; produces,word
item_170,household,lääke,medicine,medicine,lääke,understands; produces,word
item_181,household,matto,carpet,carpet,matto,understands; produces,word
item_171,household,ovikello,doorbell,doorbell,ovikello,understands; produces,word
item_172,household,peili,mirror,mirror,peili,understands; produces,word
,household,pesusieni,sponge,sponge,pesusieni,understands; produces,word
item_184,household,puhelin,telephone,telephone,puhelin,understands; produces,word
item_191,household,pyyhe,towel,towel,pyyhe,understands; produces,word
item_192,household,rasva,cream,lotion,rasva,understands; produces,word
item_193,household,saippua,soap,soap,saippua,understands; produces,word
,household,sateenvarjo,umbrella,umbrella,sateenvarjo,understands; produces,word
item_189,household,taulu,painting,painting,taulu,understands; produces,word
item_190,household,tyyny,pillow,pillow,tyyny,understands; produces,word
,household,vasara,hammer,hammer,vasara,understands; produces,word
,household,verho,curtain,curtain,verho,understands; produces,word
item_197,outside,aurinko,sun,sun,aurinko,understands; produces,word
item_209,outside,hiekka,sand,sand,hiekka,understands; produces,word
,outside,huoltoasema,gas station,gas station,huoltoasema,understands; produces,word
,outside,eläintarha,zoo,zoo,eläintarha,understands; produces,word
item_198,outside,hiekkalaatikko,sandbox,sandbox,hiekkalaatikko,understands; produces,word
,outside,juhlat,party,party,juhlat,understands; produces,word
item_210,outside,jää,ice,ice,jää,understands; produces,word
item_199,outside,kauppa,shop,store,kauppa,understands; produces,word
,outside,kesämökki,summer cottage,cabin,kesämökki,understands; produces,word
item_212,outside,kivi,stone,stone,kivi,understands; produces,word
item_213,outside,koulu,school,school,koulu,understands; produces,word
item_214,outside,kuu,moon,moon,kuu,understands; produces,word
,outside,lippu,flag,flag,lippu,understands; produces,word
item_215,outside,lumi,snow,snow,lumi,understands; produces,word
item_204,outside,lätäkkö,puddle,puddle,lätäkkö,understands; produces,word
item_216,outside,piha,yard,yard,piha,understands; produces,word
item_205,outside,puisto,garden,park,puisto,understands; produces,word
item_206,outside,päiväkoti,day care center,nursery,päiväkoti,understands; produces,word
,outside,retki,picnic,picnic,retki,understands; produces,word
item_207,outside,sade,rain,rain,sade,understands; produces,word
item_208,outside,talo,house,house,talo,understands; produces,word
,outside,työpaikka,workplace,work (place),työpaikka,understands; produces,word
,outside,katu,street,street,katu,understands; produces,word
item_211,outside,keinu,swing,swing (object),keinu,understands; produces,word
item_200,outside,kirkko,church,church,kirkko,understands; produces,word
item_201,outside,koti,home,home,koti,understands; produces,word
item_202,outside,kukka,flower,flower,kukka,understands; produces,word
,outside,leikkipuisto,playground,playground,leikkipuisto,understands; produces,word
item_203,outside,liukumäki,slide,slide (object),liukumäki,understands; produces,word
,outside,lumiukko,snowman,snowman,lumiukko,understands; produces,word
,outside,metsä,forest,forest,metsä,understands; produces,word
,outside,posti,post,post office,posti,understands; produces,word
item_217,outside,puu,tree,tree,puu,understands; produces,word
item_218,outside,ranta,shore,beach,ranta,understands; produces,word
,outside,ruoho,grass,grass,ruoho,understands; produces,word
item_219,outside,taivas,sky,sky,taivas,understands; produces,word
,outside,tuuli,wind,wind,tuuli,understands; produces,word
item_220,outside,tähti,star,star,tähti,understands; produces,word
,people,eno,maternal uncle,uncle,eno,understands; produces,word
item_221,people,ihminen,human being,person,ihminen,understands; produces,word
,people,kaveri,friend,friend,kaveri,understands; produces,word
item_222,people,lapsi,child,child,lapsi,understands; produces,word
item_230,people,mies,man,man,mies,understands; produces,word
item_231,people,nainen,woman,woman,nainen,understands; produces,word
,people,opettaja,teacher,teacher,opettaja,understands; produces,word
item_232,people,pappa/ukki,grandfather,grandpa,pappa/ukki,understands; produces,word
,people,poliisi,police,police,poliisi,understands; produces,word
item_226,people,sisko,sister,sister,sisko,understands; produces,word
item_227,people,täti,aunt,aunt,täti,understands; produces,word
item_228,people,veli,brother,brother,veli,understands; produces,word
,people,hoitotäti,childminder,babysitter,hoitotäti,understands; produces,word
item_229,people,isä,father,daddy,isä,understands; produces,word
,people,lapsenvahti,babysitter,babysitter,lapsenvahti,understands; produces,word
,people,lääkäri,doctor,doctor,lääkäri,understands; produces,word
item_223,people,mummo/mummi,grandmother,grandma,mummo/mummi,understands; produces,word
item_224,people,oma nimi,ownname,child's own name,oma nimi,understands; produces,word
,people,palomies,fireman,firefighter,palomies,understands; produces,word
item_225,people,poika,boy,boy,poika,understands; produces,word
item_233,people,setä,uncle,uncle,setä,understands; produces,word
item_234,people,tyttö,girl,girl,tyttö,understands; produces,word
item_235,people,vauva,baby,baby,vauva,understands; produces,word
item_236,people,äiti,mother,mommy,äiti,understands; produces,word
item_237,games_routines,aamupala,breakfast,breakfast,aamupala,understands; produces,word
item_238,games_routines,hei hei,bye,bye,hei hei,understands; produces,word
item_239,games_routines,kakka,poop,poop,kakka,understands; produces,word
item_240,games_routines,kyllä,yes,yes,kyllä,understands; produces,word
,games_routines,käydä ostoksilla,on shopping,shopping,käydä ostoksilla,understands; produces,word
,games_routines,mennä nukkumaan,to sleep,,mennä nukkumaan,understands; produces,word
,games_routines,näin iso,this big,so big,näin iso,understands; produces,word
item_247,games_routines,ole hyvä,please,please,ole hyvä,understands; produces,word
item_242,games_routines,ei,no,no,ei,understands; produces,word
item_243,games_routines,hyvää yötä,good night,good night,hyvää yötä,understands; produces,word
item_244,games_routines,kiitos,thank you,thank you,kiitos,understands; produces,word
item_245,games_routines,kylpy,bath,bath,kylpy,understands; produces,word
item_241,games_routines,loppu,end,all done,loppu,understands; produces,word
,games_routines,mennä potalle,to potty,go potty,mennä potalle,understands; produces,word
item_246,games_routines,odota,wait,wait,odota,understands; produces,word
item_251,games_routines,piiloon,to hiding place,hide and seek,piiloon,understands; produces,word
item_248,games_routines,pissa,pee,pee,pissa,understands; produces,word
item_249,games_routines,päivää,hello,hello,päivää,understands; produces,word
item_250,games_routines,välipala,snack,snack,välipala,understands; produces,word
item_252,games_routines,päiväunet,nap,nap,päiväunet,understands; produces,word
item_253,games_routines,terve!,hi,hi,terve!,understands; produces,word
item_254,action_words,älä [don´t],don't,don't,älä [don´t],understands; produces,word
item_255,action_words,ajaa,drive,drive,ajaa,understands; produces,word
item_256,action_words,aukaista,open (action),open (action),aukaista,understands; produces,word
item_257,action_words,hakea,fetch,fetch,hakea,understands; produces,word
,action_words,haluta,want,want,haluta,understands; produces,word
item_258,action_words,heittää,throw,throw,heittää,understands; produces,word
item_288,action_words,huutaa,shout,shout,huutaa,understands; produces,word
item_259,action_words,hypätä,jump,jump,hypätä,understands; produces,word
item_289,action_words,istua,sit,sit,istua,understands; produces,word
item_290,action_words,juoda,drink,drink (action),juoda,understands; produces,word
,action_words,kaataa,pour,pour,kaataa,understands; produces,word
item_262,action_words,katsoa,look,look,katsoa,understands; produces,word
item_263,action_words,keittää,boil,boil,keittää,understands; produces,word
,action_words,kiirehtiä,hurry,hurry,kiirehtiä,understands; produces,word
item_264,action_words,kirjoittaa,write,write,kirjoittaa,understands; produces,word
,action_words,koputtaa,knock,knock,koputtaa,understands; produces,word
,action_words,koskettaa,touch,touch,koskettaa,understands; produces,word
,action_words,kutittaa,tickle,tickle,kutittaa,understands; produces,word
item_265,action_words,kävellä,walk,walk,kävellä,understands; produces,word
,action_words,lakaista,sweep,sweep,lakaista,understands; produces,word
item_266,action_words,laulaa,sing,sing,laulaa,understands; produces,word
item_296,action_words,leikkiä,play,play,leikkiä,understands; produces,word
item_297,action_words,lopettaa,stop,stop,lopettaa,understands; produces,word
item_268,action_words,lukea,read,read,lukea,understands; produces,word
item_298,action_words,lähteä,leave,leave,lähteä,understands; produces,word
,action_words,maalata,paint,paint (action),maalata,understands; produces,word
,action_words,maistaa,taste,taste,maistaa,understands; produces,word
item_270,action_words,nauraa,laugh,laugh,nauraa,understands; produces,word
item_271,action_words,nukkua,sleep,sleep,nukkua,understands; produces,word
,action_words,ostaa,buy,buy,ostaa,understands; produces,word
item_301,action_words,ottaa,take,take,ottaa,understands; produces,word
,action_words,peittää,cover,cover (action),peittää,understands; produces,word
item_272,action_words,pestä,wash,wash,pestä,understands; produces,word
item_302,action_words,piirtää,draw,draw,piirtää,understands; produces,word
,action_words,pitää kiinni,hold,hold,pitää kiinni,understands; produces,word
item_273,action_words,potkaista,kick,kick,potkaista,understands; produces,word
,action_words,pudottaa,drop,drop,pudottaa,understands; produces,word
,action_words,puhua,talk,speak,puhua,understands; produces,word
item_275,action_words,purra,bite,bite,purra,understands; produces,word
item_305,action_words,pyöriä,roll,roll (action),pyöriä,understands; produces,word
item_285,action_words,antaa,give,give,antaa,understands; produces,word
item_286,action_words,auttaa,help,help,auttaa,understands; produces,word
item_287,action_words,halata,hug,hug,halata,understands; produces,word
,action_words,heiluttaa,wave,wave,heiluttaa,understands; produces,word
,action_words,hiihtää,ski,ski (action),hiihtää,understands; produces,word
,action_words,hymyillä,smile,smile,hymyillä,understands; produces,word
,action_words,irvistää,grin,smile,irvistää,understands; produces,word
item_260,action_words,itkeä,cry,cry,itkeä,understands; produces,word
item_261,action_words,juosta,run,run,juosta,understands; produces,word
item_291,action_words,kaatua,fall,fall,kaatua,understands; produces,word
item_292,action_words,keinua,sway,swing (action),keinua,understands; produces,word
,action_words,kiinnittää,fasten,fix,kiinnittää,understands; produces,word
item_293,action_words,kiivetä,climb,climb,kiivetä,understands; produces,word
,action_words,kiusata,tease,tease,kiusata,understands; produces,word
item_294,action_words,korjata,fix,fix,korjata,understands; produces,word
,action_words,kuivata,dry,dry (action),kuivata,understands; produces,word
,action_words,kuunnella,listen,listen,kuunnella,understands; produces,word
item_295,action_words,laittaa,put,put,laittaa,understands; produces,word
,action_words,laskea mäkeä,glide,sled (action),laskea mäkeä,understands; produces,word
,action_words,leikata,cut,cut,leikata,understands; produces,word
item_267,action_words,leipoa,bake,bake,leipoa,understands; produces,word
,action_words,luistella,skate,skate,luistella,understands; produces,word
,action_words,lyödä,hit,hit,lyödä,understands; produces,word
,action_words,löytää,find,find,löytää,understands; produces,word
item_269,action_words,mahtua,fit,fit,mahtua,understands; produces,word
item_299,action_words,mennä,go,go,mennä,understands; produces,word
item_300,action_words,niistää,blow,blow,niistää,understands; produces,word
,action_words,odottaa,wait for,wait,odottaa,understands; produces,word
,action_words,ottaa kiinni,catch,catch,ottaa kiinni,understands; produces,word
,action_words,painaa,press,press,painaa,understands; produces,word
,action_words,pelata,to play,play,pelata,understands; produces,word
,action_words,piilottaa,hide,hide,piilottaa,understands; produces,word
,action_words,pitää hyvänä,caress,caress,pitää hyvänä,understands; produces,word
,action_words,poimia,pick,pick,poimia,understands; produces,word
item_303,action_words,pudota,fall down,fall,pudota,understands; produces,word
item_274,action_words,puhaltaa,blow on,blow,puhaltaa,understands; produces,word
item_304,action_words,pukea,get dressed,dress (action),pukea,understands; produces,word
,action_words,pysähtyä,pause,stop,pysähtyä,understands; produces,word
,action_words,rakentaa,build,build,rakentaa,understands; produces,word
,action_words,ratsastaa,ride,ride,ratsastaa,understands; produces,word
,action_words,repiä,tear,tear,repiä,understands; produces,word
item_306,action_words,rikkoa,break,break,rikkoa,understands; produces,word
item_307,action_words,saada,get,get,saada,understands; produces,word
,action_words,seisoa,stand,stand,seisoa,understands; produces,word
,action_words,silittää,pet,pet (action),silittää,understands; produces,word
,action_words,sulkea,close,close,sulkea,understands; produces,word
item_309,action_words,syödä,eat,eat,syödä,understands; produces,word
item_310,action_words,tanssia,dance,dance,tanssia,understands; produces,word
,action_words,tehdä,make,make,tehdä,understands; produces,word
item_282,action_words,työntää,push,push,työntää,understands; produces,word
,action_words,uida,swim,swim,uida,understands; produces,word
item_283,action_words,vetää,pull,pull,vetää,understands; produces,word
item_284,action_words,vilkuttaa,wink,wink,vilkuttaa,understands; produces,word
,action_words,ravistaa,shake,shake,ravistaa,understands; produces,word
item_276,action_words,riisua,take off,take off,riisua,understands; produces,word
item_277,action_words,roiskuttaa,splatter,splash,roiskuttaa,understands; produces,word
,action_words,sanoa,say,say,sanoa,understands; produces,word
item_278,action_words,siivota,clean up,clean (action),siivota,understands; produces,word
item_308,action_words,soittaa,ring,call,soittaa,understands; produces,word
item_279,action_words,suukottaa,kiss,kiss,suukottaa,understands; produces,word
item_280,action_words,syöttää,feed,feed,syöttää,understands; produces,word
item_281,action_words,taputtaa,clap,clap,taputtaa,understands; produces,word
item_311,action_words,tuoda,bring,bring,tuoda,understands; produces,word
item_312,action_words,törmätä,crash,crash,törmätä,understands; produces,word
,action_words,valvoa,stay up,,valvoa,understands; produces,word
item_313,action_words,viedä,carry,carry,viedä,understands; produces,word
item_314,action_words,yskittää,cough,cough,yskittää,understands; produces,word
item_315,time_words,aamu,morning,morning,aamu,understands; produces,word
,time_words,ennen,before,before,ennen,understands; produces,word
item_319,time_words,ilta,evening,evening,ilta,understands; produces,word
item_316,time_words,myöhemmin,later,later,myöhemmin,understands; produces,word
item_317,time_words,pian,soon,soon,pian,understands; produces,word
item_318,time_words,tänään,today,today,tänään,understands; produces,word
,time_words,eilen,yesterday,yesterday,eilen,understands; produces,word
,time_words,huomenna,tomorrow,tomorrow,huomenna,understands; produces,word
,time_words,jälkeen,after,after,jälkeen,understands; produces,word
item_320,time_words,nyt,now,now,nyt,understands; produces,word
item_321,time_words,päivä,day,day,päivä,understands; produces,word
item_322,time_words,yö,night,night,yö,understands; produces,word
,descriptive_words,ensimmäinen,first,first,ensimmäinen,understands; produces,word
item_323,descriptive_words,hieno,fine,fine,hieno,understands; produces,word
item_336,descriptive_words,huono,bad,bad,huono,understands; produces,word
item_337,descriptive_words,iloinen,glad,happy,iloinen,understands; produces,word
item_338,descriptive_words,kaunis,beautiful,beautiful,kaunis,understands; produces,word
item_326,descriptive_words,kiltti,nice,nice,kiltti,understands; produces,word
,descriptive_words,korkea,high,high,korkea,understands; produces,word
,descriptive_words,kuiva,dried,dry (description),kuiva,understands; produces,word
item_327,descriptive_words,kuuma,hot,hot,kuuma,understands; produces,word
item_328,descriptive_words,likainen,dirty,dirty,likainen,understands; produces,word
,descriptive_words,musta,black,black,musta,understands; produces,word
,descriptive_words,opea,fast,fast,opea,understands; produces,word
,descriptive_words,onnellinen,happy,happy,onnellinen,understands; produces,word
item_342,descriptive_words,pehmeä,soft,soft,pehmeä,understands; produces,word
item_343,descriptive_words,pimeä,dark,dark,pimeä,understands; produces,word
item_331,descriptive_words,puhdas,clean,clean (description),puhdas,understands; produces,word
,descriptive_words,hidas,slow,slow,hidas,understands; produces,word
,descriptive_words,hiljainen,quiet,quiet,hiljainen,understands; produces,word
item_324,descriptive_words,hyvä,good,good,hyvä,understands; produces,word
item_325,descriptive_words,iso,big,big,iso,understands; produces,word
,descriptive_words,keltainen,yellow,yellow,keltainen,understands; produces,word
item_339,descriptive_words,kipeä (pipi),ill,sick,kipeä (pipi),understands; produces,word
,descriptive_words,kova,hard,hard,kova,understands; produces,word
,descriptive_words,kurainen,muddy,muddy,kurainen,understands; produces,word
item_340,descriptive_words,kylmä,cold,cold,kylmä,understands; produces,word
,descriptive_words,makea,sweet,sweet,makea,understands; produces,word
item_341,descriptive_words,märkä,wet,wet (description),märkä,understands; produces,word
item_329,descriptive_words,nälkäinen,hungry,hungry,nälkäinen,understands; produces,word
,descriptive_words,parempi,better,better,parempi,understands; produces,word
item_330,descriptive_words,pieni,tiny,little (description),pieni,understands; produces,word
,descriptive_words,pitkä,tall,tall,pitkä,understands; produces,word
item_344,descriptive_words,punainen,red,red,punainen,understands; produces,word
,descriptive_words,raskas,heavy,heavy,raskas,understands; produces,word
item_332,descriptive_words,rikki,broken,broken,rikki,understands; produces,word
,descriptive_words,ruskea,brown,brown,ruskea,understands; produces,word
,descriptive_words,sininen,blue,blue,sininen,understands; produces,word
item_333,descriptive_words,terävä,sharp,sharp,terävä,understands; produces,word
,descriptive_words,tuulinen,windy,windy,tuulinen,understands; produces,word
,descriptive_words,täysi,full,full,täysi,understands; produces,word
,descriptive_words,uusi,new,new,uusi,understands; produces,word
item_347,descriptive_words,vanha,old,old,vanha,understands; produces,word
,descriptive_words,vihreä,green,green,vihreä,understands; produces,word
item_348,descriptive_words,väsynyt,tired,tired,väsynyt,understands; produces,word
,descriptive_words,reipas,brisk,fast,reipas,understands; produces,word
,descriptive_words,rohkea,brave,brave,rohkea,understands; produces,word
,descriptive_words,sateinen,rainy,rainy,sateinen,understands; produces,word
item_345,descriptive_words,surullinen,sad,sad,surullinen,understands; produces,word
item_346,descriptive_words,tuhma,naughty,naughty,tuhma,understands; produces,word
item_334,descriptive_words,tyhjä,empty,empty,tyhjä,understands; produces,word
,descriptive_words,uninen,sleepy,sleepy,uninen,understands; produces,word
,descriptive_words,valkoinen,white,white,valkoinen,understands; produces,word
item_335,descriptive_words,varovainen,careful,careful,varovainen,understands; produces,word
,descriptive_words,viimeinen,last,last,viimeinen,understands; produces,word
,descriptive_words,äänekäs,noisy,noisy,äänekäs,understands; produces,word
,pronouns,he,they,they,he,understands; produces,word
,pronouns,heille,to them,,heille,understands; produces,word
,pronouns,hänelle,to him to her,,hänelle,understands; produces,word
,pronouns,me,we,we,me,understands; produces,word
,pronouns,meille,to us,,meille,understands; produces,word
item_353,pronouns,minun,mine,mine,minun,understands; produces,word
,pronouns,näiden,theirs,their,näiden,understands; produces,word
,pronouns,nämä,these,these,nämä,understands; produces,word
,pronouns,sen,its,its,sen,understands; produces,word
,pronouns,sinulle,to you,to you,sinulle,understands; produces,word
item_352,pronouns,sinä,you,you,sinä,understands; produces,word
item_356,pronouns,tämä,this,this,tämä,understands; produces,word
,pronouns,heidän,their,their,heidän,understands; produces,word
,pronouns,hän,he she,he,hän,understands; produces,word
,pronouns,hänen,his hers,his,hänen,understands; produces,word
,pronouns,meidän,ours,our,meidän,understands; produces,word
item_349,pronouns,minulle,to me,,minulle,understands; produces,word
item_350,pronouns,minä,I,I,minä,understands; produces,word
,pronouns,näille,to these,,näille,understands; produces,word
item_351,pronouns,se,it,it,se,understands; produces,word
,pronouns,sille,to it,,sille,understands; produces,word
item_355,pronouns,sinun,yours,,sinun,understands; produces,word
,pronouns,tälle,to this,,tälle,understands; produces,word
,pronouns,tämän,this ones,,tämän,understands; produces,word
item_357,question_words,kuka,who,who,kuka,understands; produces,word
item_358,question_words,mikä (e.g. What is your name?),what,what,mikä (e.g. What is your name?),understands; produces,word
,question_words,minne,to where,,minne,understands; produces,word
item_363,question_words,miten,how,how,miten,understands; produces,word
item_361,question_words,miksi,why,why,miksi,understands; produces,word
item_362,question_words,milloin,when,when (question),milloin,understands; produces,word
item_359,question_words,missä,where,where (question),missä,understands; produces,word
item_360,question_words,mitä (e.g. What did you say?),what,what,mitä (e.g. What did you say?),understands; produces,word
item_364,prepositions,alas,down,down,alas,understands; produces,word
item_365,prepositions,auki,turned on,open (description),auki,understands; produces,word
,prepositions,kanssa,together,together,kanssa,understands; produces,word
,prepositions,pois,away,away,pois,understands; produces,word
item_370,prepositions,alla,under,under,alla,understands; produces,word
,prepositions,edessä,in front,in front,edessä,understands; produces,word
item_371,prepositions,kiinni,closed,closed,kiinni,understands; produces,word
item_366,prepositions,päällä (päälle),on,on,päällä (päälle),understands; produces,word
item_372,prepositions,siellä (sinne),there,there,siellä (sinne),understands; produces,word
,prepositions,sisään,go inside,in,sisään,understands; produces,word
item_373,prepositions,tuolla (tuonne),out there,there,tuolla (tuonne),understands; produces,word
,prepositions,ulkona,ouside,outside,ulkona,understands; produces,word
,prepositions,vieressä,beside,beside,vieressä,understands; produces,word
item_369,prepositions,ylös,up,up,ylös,understands; produces,word
item_367,prepositions,sisällä (sisälle),is inside,inside,sisällä (sisälle),understands; produces,word
,prepositions,takana,is below,below,takana,understands; produces,word
item_368,prepositions,täällä (tänne),here,here,täällä (tänne),understands; produces,word
item_374,prepositions,ulos,go out,go out,ulos,understands; produces,word
,prepositions,yläpuolella,above,above,yläpuolella,understands; produces,word
,prepositions,ympärillä,around,around,ympärillä,understands; produces,word
,quantifiers,enemmän,more,more,enemmän,understands; produces,word
item_378,quantifiers,lisää,even more,more,lisää,understands; produces,word
,quantifiers,paljon,much,much,paljon,understands; produces,word
item_377,quantifiers,toinen,other,other,toinen,understands; produces,word
item_380,quantifiers,vähän,few,few,vähän,understands; produces,word
item_375,quantifiers,kaikki,everybody,everyone,kaikki,understands; produces,word
item_376,quantifiers,monta,many,many,monta,understands; produces,word
item_379,quantifiers,sama,same,same,sama,understands; produces,word
,quantifiers,vähemmän,less,less,vähemmän,understands; produces,word
,connecting_words,heti,right away,now,heti,understands; produces,word
,connecting_words,jo,already,already,jo,understands; produces,word
,connecting_words,koska,because,because,koska,understands; produces,word
,connecting_words,niin,so,so,niin,understands; produces,word
,connecting_words,taas,again,again,taas,understands; produces,word
,connecting_words,ja,and,and,ja,understands; produces,word
,connecting_words,jos,if,if,jos,understands; produces,word
,connecting_words,mutta,but,but,mutta,understands; produces,word
,connecting_words,sitten,then,then,sitten,understands; produces,word
,connecting_words,tai,or,or,tai,understands; produces,word
item_72,food_drink,kala,fish (food),fish (food),kala,understands; produces,word
item_88,food_drink,kana,chicken (food),chicken (food),kana,understands; produces,word
item_100,clothing,hattu,hat,hat,hattu,understands; produces,word
item_128,body_parts,hiukset/tukka,hair,hair,hiukset/tukka,understands; produces,word
item_177,household,kirje,letter,letter,kirje,understands; produces,word
item_354,pronouns,nuo,those,those,nuo,understands; produces,word
,outside,pilvi,cloud,cloud,pilvi,understands; produces,word
,games_routines,hei,bye,bye,hei,understands; produces,word
,action_words,avata,open (action),open (action),avata,understands; produces,word
